<?xml version="1.0" encoding="UTF-8"?>
<project-private xmlns="http://www.netbeans.org/ns/project-private/1">
    <editor-bookmarks xmlns="http://www.netbeans.org/ns/editor-bookmarks/2" lastBookmarkId="0"/>
    <open-files xmlns="http://www.netbeans.org/ns/projectui-open-files/2">
        <group>
            <file>file:/C:/Users/artur/Documents/NetBeansProjects/ControleDeAlunos/src/Cursando.java</file>
            <file>file:/C:/Users/artur/Documents/NetBeansProjects/ControleDeAlunos/src/Aluno.java</file>
            <file>file:/C:/Users/artur/Documents/NetBeansProjects/ControleDeAlunos/src/Operacoes.java</file>
            <file>file:/C:/Users/artur/Documents/NetBeansProjects/ControleDeAlunos/src/Graduado.java</file>
            <file>file:/C:/Users/artur/Documents/NetBeansProjects/ControleDeAlunos/src/Main.java</file>
        </group>
    </open-files>
</project-private>
